{
    "enemies": [
        {
            "alive": false,
            "health": 0,
            "maxHealth": 150,
            "state": 5,
            "type": 3,
            "x": 334.335693359375,
            "y": 148.09849548339844
        },
        {
            "alive": true,
            "health": 100,
            "maxHealth": 200,
            "state": 0,
            "type": 4,
            "x": 151.77093505859375,
            "y": 129.76025390625
        }
    ],
    "enemyProjectiles": [],
    "gameState": {
        "currentLevelPath": "assets/maps/test.json",
        "levelTransitionCooldown": 0.0,
        "saveTime": "Fri Sep 19 15:17:30 2025"
    },
    "player": {
        "health": 55,
        "level": 1,
        "maxHealth": 100,
        "maxXP": 100,
        "x": 356.78729248046875,
        "xp": 25,
        "y": 109.20328521728516
    },
    "playerProjectiles": []
}