{
    "enemies": [
        {
            "alive": true,
            "health": 150,
            "maxHealth": 150,
            "state": 0,
            "type": 3,
            "x": 354.3552551269531,
            "y": 146.46884155273438
        },
        {
            "alive": true,
            "health": 200,
            "maxHealth": 200,
            "state": 2,
            "type": 4,
            "x": 219.5271759033203,
            "y": 153.70738220214844
        }
    ],
    "enemyProjectiles": [],
    "gameState": {
        "currentLevelPath": "/Users/filipstupar/Documents/OrtosII/assets/maps/test.json",
        "levelTransitionCooldown": -0.0001926422119140625,
        "saveTime": "Sun Sep 28 21:39:55 2025"
    },
    "inventory": [],
    "player": {
        "coins": 0,
        "deaths": 0,
        "enemiesKilled": 0,
        "health": 100,
        "level": 1,
        "maxHealth": 100,
        "maxXP": 100,
        "playTime": 0,
        "totalXP": 0,
        "x": 157.46920776367188,
        "xp": 50,
        "y": 97.6960220336914
    },
    "playerProjectiles": []
}